"area_id","variable_id","year","value","symbol","md","area","variable_name"
4,4250,2012,4.99,"I","[1]","Algeria","Agricultural water withdrawal"
4,4252,2012,0.415,"I","[2]","Algeria","Industrial water withdrawal"
4,4251,2012,3.02,"I","[3]","Algeria","Municipal water withdrawal"
4,4253,2012,8.425,"I","","Algeria","Total water withdrawal"
4,4257,2012,225,"K","","Algeria","Total water withdrawal per capita"
7,4250,2005,0.1467,"L","[4]","Angola","Agricultural water withdrawal"
7,4252,2005,0.2396,"L","","Angola","Industrial water withdrawal"
7,4251,2005,0.3195,"L","","Angola","Municipal water withdrawal"
7,4253,2005,0.7058,"L","","Angola","Total water withdrawal"
7,4257,2005,36.79,"K","","Angola","Total water withdrawal per capita"
53,4250,2001,0.059,"I","","Benin","Agricultural water withdrawal"
53,4252,2001,0.03,"I","","Benin","Industrial water withdrawal"
53,4251,2001,0.041,"","","Benin","Municipal water withdrawal"
53,4253,2001,0.13,"I","","Benin","Total water withdrawal"
53,4257,2001,17.53,"K","","Benin","Total water withdrawal per capita"
20,4250,2000,0.08,"","[5]","Botswana","Agricultural water withdrawal"
20,4252,2005,0.0389,"L","","Botswana","Industrial water withdrawal"
20,4251,2005,0.0878,"L","","Botswana","Municipal water withdrawal"
20,4253,2000,0.194,"","","Botswana","Total water withdrawal"
20,4257,2000,108.6,"K","","Botswana","Total water withdrawal per capita"
233,4250,2005,0.4207,"L","","Burkina Faso","Agricultural water withdrawal"
233,4252,2005,0.0217,"L","","Burkina Faso","Industrial water withdrawal"
233,4251,2005,0.3756,"L","","Burkina Faso","Municipal water withdrawal"
233,4253,2005,0.818,"L","","Burkina Faso","Total water withdrawal"
233,4257,2005,57.35,"K","","Burkina Faso","Total water withdrawal per capita"
29,4250,2000,0.222,"I","","Burundi","Agricultural water withdrawal"
29,4252,2005,0.015,"L","","Burundi","Industrial water withdrawal"
29,4251,2005,0.0431,"L","","Burundi","Municipal water withdrawal"
29,4253,2000,0.288,"I","","Burundi","Total water withdrawal"
29,4257,2000,40.22,"K","","Burundi","Total water withdrawal per capita"
35,4250,2004,0.025,"L","[6]","Cabo Verde","Agricultural water withdrawal"
35,4252,2001,4e-04,"","","Cabo Verde","Industrial water withdrawal"
35,4251,2001,0.0016,"","","Cabo Verde","Municipal water withdrawal"
35,4253,2001,0.022,"I","","Cabo Verde","Total water withdrawal"
35,4257,2001,48.31,"K","","Cabo Verde","Total water withdrawal per capita"
32,4250,2000,0.737,"L","[7]","Cameroon","Agricultural water withdrawal"
32,4252,2005,0.1046,"L","","Cameroon","Industrial water withdrawal"
32,4251,2005,0.2468,"L","","Cameroon","Municipal water withdrawal"
32,4253,2000,0.9664,"L","","Cameroon","Total water withdrawal"
32,4257,2000,57.6,"K","","Cameroon","Total water withdrawal per capita"
37,4250,2005,4e-04,"L","[8,9]","Central African Republic","Agricultural water withdrawal"
37,4252,2005,0.012,"L","","Central African Republic","Industrial water withdrawal"
37,4251,2005,0.0601,"L","","Central African Republic","Municipal water withdrawal"
37,4253,2005,0.0725,"L","","Central African Republic","Total water withdrawal"
37,4257,2005,17.25,"K","","Central African Republic","Total water withdrawal per capita"
39,4250,2005,0.6722,"L","[10,11]","Chad","Agricultural water withdrawal"
39,4252,2005,0.1037,"L","","Chad","Industrial water withdrawal"
39,4251,2005,0.1037,"L","","Chad","Municipal water withdrawal"
39,4253,2005,0.8796,"L","","Chad","Total water withdrawal"
39,4257,2005,81.6,"K","","Chad","Total water withdrawal per capita"
45,4250,1999,0.0047,"","","Comoros","Agricultural water withdrawal"
45,4252,1999,5e-04,"","","Comoros","Industrial water withdrawal"
45,4251,1999,0.0048,"","","Comoros","Municipal water withdrawal"
45,4253,1999,0.01,"","","Comoros","Total water withdrawal"
45,4257,1999,17.38,"K","","Comoros","Total water withdrawal per capita"
46,4250,2002,0.004,"I","","Congo","Agricultural water withdrawal"
46,4252,2005,0.024,"L","","Congo","Industrial water withdrawal"
46,4251,2005,0.0637,"L","","Congo","Municipal water withdrawal"
46,4253,2002,0.046,"I","","Congo","Total water withdrawal"
46,4257,2002,14.12,"K","","Congo","Total water withdrawal per capita"
107,4250,2008,0.5953,"L","[12]","Côte d'Ivoire","Agricultural water withdrawal"
107,4252,2005,0.318,"L","","Côte d'Ivoire","Industrial water withdrawal"
107,4251,2005,0.6359,"L","","Côte d'Ivoire","Municipal water withdrawal"
107,4253,2005,1.549,"L","","Côte d'Ivoire","Total water withdrawal"
107,4257,2005,82.12,"K","","Côte d'Ivoire","Total water withdrawal per capita"
250,4250,2005,0.0719,"L","[13,14]","Democratic Republic of the Congo","Agricultural water withdrawal"
250,4252,2005,0.1468,"L","","Democratic Republic of the Congo","Industrial water withdrawal"
250,4251,2005,0.4649,"L","","Democratic Republic of the Congo","Municipal water withdrawal"
250,4253,2005,0.6836,"L","","Democratic Republic of the Congo","Total water withdrawal"
250,4257,2005,11.42,"K","","Democratic Republic of the Congo","Total water withdrawal per capita"
72,4250,2000,0.003,"","[15]","Djibouti","Agricultural water withdrawal"
72,4252,2000,0,"","","Djibouti","Industrial water withdrawal"
72,4251,2000,0.016,"","","Djibouti","Municipal water withdrawal"
72,4253,2000,0.019,"","","Djibouti","Total water withdrawal"
72,4257,2000,25.49,"K","","Djibouti","Total water withdrawal per capita"
59,4250,2010,67,"","","Egypt","Agricultural water withdrawal"
59,4252,2010,2,"","","Egypt","Industrial water withdrawal"
59,4251,2010,9,"","","Egypt","Municipal water withdrawal"
59,4253,2010,78,"","","Egypt","Total water withdrawal"
59,4257,2010,910.6,"K","","Egypt","Total water withdrawal per capita"
61,4250,2000,0.001,"L","","Equatorial Guinea","Agricultural water withdrawal"
61,4252,2005,0.003,"L","","Equatorial Guinea","Industrial water withdrawal"
61,4251,2005,0.0158,"L","","Equatorial Guinea","Municipal water withdrawal"
61,4253,2000,0.0174,"L","","Equatorial Guinea","Total water withdrawal"
61,4257,2000,30.65,"K","","Equatorial Guinea","Total water withdrawal per capita"
178,4250,2004,0.55,"","","Eritrea","Agricultural water withdrawal"
178,4252,2004,0.001,"","","Eritrea","Industrial water withdrawal"
178,4251,2004,0.031,"","","Eritrea","Municipal water withdrawal"
178,4253,2004,0.582,"","","Eritrea","Total water withdrawal"
178,4257,2004,132.1,"K","","Eritrea","Total water withdrawal per capita"
238,4250,2016,9.687,"K","","Ethiopia","Agricultural water withdrawal"
238,4252,2005,0.0511,"L","","Ethiopia","Industrial water withdrawal"
238,4251,2005,0.81,"L","","Ethiopia","Municipal water withdrawal"
238,4253,2016,10.55,"K","","Ethiopia","Total water withdrawal"
238,4257,2016,106.1,"K","","Ethiopia","Total water withdrawal per capita"
74,4250,2005,0.0403,"L","[16,17]","Gabon","Agricultural water withdrawal"
74,4252,2005,0.0141,"L","","Gabon","Industrial water withdrawal"
74,4251,2005,0.0847,"L","","Gabon","Municipal water withdrawal"
74,4253,2005,0.1391,"L","","Gabon","Total water withdrawal"
74,4257,2005,96.53,"K","","Gabon","Total water withdrawal per capita"
75,4250,1999,0.0392,"L","[18]","Gambia","Agricultural water withdrawal"
75,4252,2005,0.0212,"L","","Gambia","Industrial water withdrawal"
75,4251,2005,0.0412,"L","","Gambia","Municipal water withdrawal"
75,4253,2000,0.0905,"L","","Gambia","Total water withdrawal"
75,4257,2000,69.19,"K","","Gambia","Total water withdrawal per capita"
81,4250,2000,0.652,"I","","Ghana","Agricultural water withdrawal"
81,4252,2000,0.095,"I","","Ghana","Industrial water withdrawal"
81,4251,2013,0.251,"","[19]","Ghana","Municipal water withdrawal"
81,4253,2000,0.982,"I","","Ghana","Total water withdrawal"
81,4257,2000,49.63,"K","","Ghana","Total water withdrawal per capita"
90,4250,2001,0.2929,"L","[20]","Guinea","Agricultural water withdrawal"
90,4252,2005,0.0562,"L","","Guinea","Industrial water withdrawal"
90,4251,2005,0.2248,"L","","Guinea","Municipal water withdrawal"
90,4253,2001,0.5533,"L","","Guinea","Total water withdrawal"
90,4257,2001,60.71,"K","","Guinea","Total water withdrawal per capita"
175,4250,2000,0.144,"","","Guinea-Bissau","Agricultural water withdrawal"
175,4252,2005,0.0119,"L","","Guinea-Bissau","Industrial water withdrawal"
175,4251,2005,0.0341,"L","","Guinea-Bissau","Municipal water withdrawal"
175,4253,2000,0.175,"","","Guinea-Bissau","Total water withdrawal"
175,4257,2000,127.6,"K","","Guinea-Bissau","Total water withdrawal per capita"
114,4250,2010,1.907,"","[21]","Kenya","Agricultural water withdrawal"
114,4252,2010,0.125,"","","Kenya","Industrial water withdrawal"
114,4251,2010,1.186,"","","Kenya","Municipal water withdrawal"
114,4253,2010,3.218,"","","Kenya","Total water withdrawal"
114,4257,2010,75.64,"K","","Kenya","Total water withdrawal per capita"
122,4250,1999,0.0038,"L","[22]","Lesotho","Agricultural water withdrawal"
122,4252,2000,0.02,"L","","Lesotho","Industrial water withdrawal"
122,4251,2000,0.02,"L","","Lesotho","Municipal water withdrawal"
122,4253,2000,0.0438,"L","","Lesotho","Total water withdrawal"
122,4257,2000,23.24,"K","","Lesotho","Total water withdrawal per capita"
123,4250,2000,0.0123,"L","[23]","Liberia","Agricultural water withdrawal"
123,4252,2005,0.0534,"L","","Liberia","Industrial water withdrawal"
123,4251,2005,0.0802,"L","","Liberia","Municipal water withdrawal"
123,4253,2000,0.1308,"L","","Liberia","Total water withdrawal"
123,4257,2000,42.59,"K","","Liberia","Total water withdrawal per capita"
124,4250,2012,4.85,"","","Libya","Agricultural water withdrawal"
124,4252,2012,0.28,"","","Libya","Industrial water withdrawal"
124,4251,2012,0.7,"","","Libya","Municipal water withdrawal"
124,4253,2012,5.83,"","","Libya","Total water withdrawal"
124,4257,2012,927.9,"K","","Libya","Total water withdrawal per capita"
129,4250,2005,13,"","","Madagascar","Agricultural water withdrawal"
129,4252,2005,0.1619,"L","","Madagascar","Industrial water withdrawal"
129,4251,2006,0.395,"","","Madagascar","Municipal water withdrawal"
129,4253,2006,13.56,"I","","Madagascar","Total water withdrawal"
129,4257,2006,700,"K","","Madagascar","Total water withdrawal per capita"
130,4250,2005,1.166,"L","[24,25]","Malawi","Agricultural water withdrawal"
130,4252,2005,0.0477,"L","","Malawi","Industrial water withdrawal"
130,4251,2005,0.1431,"L","","Malawi","Municipal water withdrawal"
130,4253,2005,1.357,"L","","Malawi","Total water withdrawal"
130,4257,2005,100.5,"K","","Malawi","Total water withdrawal per capita"
133,4250,2006,5.075,"","","Mali","Agricultural water withdrawal"
133,4252,2006,0.004,"","","Mali","Industrial water withdrawal"
133,4251,2006,0.107,"","[26]","Mali","Municipal water withdrawal"
133,4253,2006,5.186,"","","Mali","Total water withdrawal"
133,4257,2006,376.9,"K","","Mali","Total water withdrawal per capita"
136,4250,2004,1.223,"L","[27]","Mauritania","Agricultural water withdrawal"
136,4252,2005,0.0318,"L","","Mauritania","Industrial water withdrawal"
136,4251,2005,0.0954,"L","","Mauritania","Municipal water withdrawal"
136,4253,2005,1.35,"L","","Mauritania","Total water withdrawal"
136,4257,2005,405.6,"K","","Mauritania","Total water withdrawal per capita"
137,4250,2003,0.491,"","","Mauritius","Agricultural water withdrawal"
137,4252,2003,0.02,"","","Mauritius","Industrial water withdrawal"
137,4251,2003,0.214,"","","Mauritius","Municipal water withdrawal"
137,4253,2003,0.725,"","","Mauritius","Total water withdrawal"
137,4257,2003,588,"K","","Mauritius","Total water withdrawal per capita"
143,4250,2010,9.156,"","","Morocco","Agricultural water withdrawal"
143,4252,2010,0.212,"","","Morocco","Industrial water withdrawal"
143,4251,2010,1.063,"","","Morocco","Municipal water withdrawal"
143,4253,2010,10.43,"","","Morocco","Total water withdrawal"
143,4257,2010,316.2,"K","","Morocco","Total water withdrawal per capita"
144,4250,2015,1.076,"","","Mozambique","Agricultural water withdrawal"
144,4252,2015,0.025,"","","Mozambique","Industrial water withdrawal"
144,4251,2015,0.372,"","","Mozambique","Municipal water withdrawal"
144,4253,2015,1.473,"","","Mozambique","Total water withdrawal"
144,4257,2015,52.65,"K","","Mozambique","Total water withdrawal per capita"
147,4250,2002,0.201,"","","Namibia","Agricultural water withdrawal"
147,4252,2000,0.014,"","[28]","Namibia","Industrial water withdrawal"
147,4251,2000,0.073,"","[29]","Namibia","Municipal water withdrawal"
147,4253,2002,0.288,"","","Namibia","Total water withdrawal"
147,4257,2002,147.1,"K","","Namibia","Total water withdrawal per capita"
158,4250,2005,0.6565,"L","[30]","Niger","Agricultural water withdrawal"
158,4252,2012,0.0137,"","[31]","Niger","Industrial water withdrawal"
158,4251,2012,0.0617,"","","Niger","Municipal water withdrawal"
158,4253,2005,0.9836,"L","","Niger","Total water withdrawal"
158,4257,2005,67.7,"K","","Niger","Total water withdrawal per capita"
159,4250,2010,5.51,"L","","Nigeria","Agricultural water withdrawal"
159,4252,2010,1.965,"L","","Nigeria","Industrial water withdrawal"
159,4251,2010,5,"L","","Nigeria","Municipal water withdrawal"
159,4253,2010,12.47,"L","","Nigeria","Total water withdrawal"
159,4257,2010,74.12,"K","","Nigeria","Total water withdrawal per capita"
184,4250,2000,0.102,"","","Rwanda","Agricultural water withdrawal"
184,4252,2005,0.0205,"L","","Rwanda","Industrial water withdrawal"
184,4251,2005,0.0614,"L","","Rwanda","Municipal water withdrawal"
184,4253,2000,0.15,"","","Rwanda","Total water withdrawal"
184,4257,2000,17.57,"K","","Rwanda","Total water withdrawal per capita"
193,4253,1993,0.007,"","","Sao Tome and Principe","Total water withdrawal"
193,4257,1993,53.8,"K","","Sao Tome and Principe","Total water withdrawal per capita"
195,4250,2002,2.065,"I","","Senegal","Agricultural water withdrawal"
195,4252,2002,0.058,"I","","Senegal","Industrial water withdrawal"
195,4251,2002,0.098,"I","","Senegal","Municipal water withdrawal"
195,4253,2002,2.221,"I","","Senegal","Total water withdrawal"
195,4257,2002,213.8,"K","","Senegal","Total water withdrawal per capita"
196,4250,2003,9e-04,"I","","Seychelles","Agricultural water withdrawal"
196,4252,2005,0.0038,"L","","Seychelles","Industrial water withdrawal"
196,4251,2005,0.009,"L","","Seychelles","Municipal water withdrawal"
196,4253,2005,0.0137,"I","","Seychelles","Total water withdrawal"
196,4257,2005,150.8,"K","","Seychelles","Total water withdrawal per capita"
197,4250,2005,0.0457,"L","[32,33]","Sierra Leone","Agricultural water withdrawal"
197,4252,2005,0.0555,"L","","Sierra Leone","Industrial water withdrawal"
197,4251,2005,0.111,"L","","Sierra Leone","Municipal water withdrawal"
197,4253,2005,0.2122,"L","","Sierra Leone","Total water withdrawal"
197,4257,2005,39.36,"K","","Sierra Leone","Total water withdrawal per capita"
201,4250,2003,3.281,"I","","Somalia","Agricultural water withdrawal"
201,4252,2003,0.002,"I","","Somalia","Industrial water withdrawal"
201,4251,2003,0.015,"I","","Somalia","Municipal water withdrawal"
201,4253,2003,3.298,"I","","Somalia","Total water withdrawal"
201,4257,2003,370.2,"K","","Somalia","Total water withdrawal per capita"
202,4250,2013,9.69,"","","South Africa","Agricultural water withdrawal"
202,4252,2013,1.625,"","","South Africa","Industrial water withdrawal"
202,4251,2013,4.185,"","","South Africa","Municipal water withdrawal"
202,4253,2013,15.5,"","","South Africa","Total water withdrawal"
202,4257,2013,284.5,"K","","South Africa","Total water withdrawal per capita"
277,4250,2011,0.24,"","","South Sudan","Agricultural water withdrawal"
277,4252,2011,0.225,"","","South Sudan","Industrial water withdrawal"
277,4251,2011,0.193,"","","South Sudan","Municipal water withdrawal"
277,4253,2011,0.658,"","","South Sudan","Total water withdrawal"
277,4257,2011,59.92,"K","","South Sudan","Total water withdrawal per capita"
276,4250,2011,25.91,"","","Sudan","Agricultural water withdrawal"
276,4252,2011,0.075,"","","Sudan","Industrial water withdrawal"
276,4251,2011,0.95,"","","Sudan","Municipal water withdrawal"
276,4253,2011,26.93,"","","Sudan","Total water withdrawal"
276,4257,2011,714.1,"K","","Sudan","Total water withdrawal per capita"
209,4250,2000,1.006,"I","[34]","Swaziland","Agricultural water withdrawal"
209,4252,2005,0.0207,"L","","Swaziland","Industrial water withdrawal"
209,4251,2005,0.0413,"L","","Swaziland","Municipal water withdrawal"
209,4253,2000,1.042,"I","","Swaziland","Total water withdrawal"
209,4257,2000,963,"K","","Swaziland","Total water withdrawal per capita"
217,4250,2002,0.076,"","","Togo","Agricultural water withdrawal"
217,4252,2005,0.0063,"L","","Togo","Industrial water withdrawal"
217,4251,2005,0.1407,"L","","Togo","Municipal water withdrawal"
217,4253,2002,0.169,"","","Togo","Total water withdrawal"
217,4257,2002,32.87,"K","","Togo","Total water withdrawal per capita"
222,4250,2011,2.644,"I","[35]","Tunisia","Agricultural water withdrawal"
222,4252,2011,0.165,"I","[36]","Tunisia","Industrial water withdrawal"
222,4251,2011,0.496,"I","[37,38]","Tunisia","Municipal water withdrawal"
222,4253,2011,3.305,"I","","Tunisia","Total water withdrawal"
222,4257,2011,303.7,"K","","Tunisia","Total water withdrawal per capita"
226,4250,2008,0.259,"","","Uganda","Agricultural water withdrawal"
226,4252,2008,0.05,"","","Uganda","Industrial water withdrawal"
226,4251,2008,0.328,"","","Uganda","Municipal water withdrawal"
226,4253,2008,0.637,"","","Uganda","Total water withdrawal"
226,4257,2008,17.99,"K","","Uganda","Total water withdrawal per capita"
215,4250,2002,4.632,"K","[39]","United Republic of Tanzania","Agricultural water withdrawal"
215,4252,2002,0.025,"I","","United Republic of Tanzania","Industrial water withdrawal"
215,4251,2002,0.527,"K","[40]","United Republic of Tanzania","Municipal water withdrawal"
215,4253,2002,5.184,"K","","United Republic of Tanzania","Total water withdrawal"
215,4257,2002,144.6,"K","","United Republic of Tanzania","Total water withdrawal per capita"
251,4250,2002,1.152,"L","[41]","Zambia","Agricultural water withdrawal"
251,4252,2000,0.13,"L","","Zambia","Industrial water withdrawal"
251,4251,2000,0.29,"L","","Zambia","Municipal water withdrawal"
251,4253,2002,1.572,"L","","Zambia","Total water withdrawal"
251,4257,2002,141.1,"K","","Zambia","Total water withdrawal per capita"
181,4250,2007,2.93,"","[42]","Zimbabwe","Agricultural water withdrawal"
181,4252,2007,0.215,"","[43]","Zimbabwe","Industrial water withdrawal"
181,4251,2007,0.425,"","[44]","Zimbabwe","Municipal water withdrawal"
181,4253,2007,3.57,"","[45]","Zimbabwe","Total water withdrawal"
181,4257,2007,268.5,"K","","Zimbabwe","Total water withdrawal per capita"
8,4250,2012,0.0018,"","","Antigua and Barbuda","Agricultural water withdrawal"
8,4252,2012,0.0025,"","","Antigua and Barbuda","Industrial water withdrawal"
8,4251,2012,0.0072,"","","Antigua and Barbuda","Municipal water withdrawal"
8,4253,2012,0.0115,"","","Antigua and Barbuda","Total water withdrawal"
8,4257,2012,129.1,"K","","Antigua and Barbuda","Total water withdrawal per capita"
9,4250,2011,27.93,"","","Argentina","Agricultural water withdrawal"
9,4252,2011,4,"","","Argentina","Industrial water withdrawal"
9,4251,2011,5.85,"","","Argentina","Municipal water withdrawal"
9,4253,2011,37.78,"","","Argentina","Total water withdrawal"
9,4257,2011,897.5,"K","","Argentina","Total water withdrawal per capita"
12,4251,2013,0.031,"I","","Bahamas","Municipal water withdrawal"
14,4250,2005,0.0548,"L","[46,47]","Barbados","Agricultural water withdrawal"
14,4252,2005,0.0062,"I","","Barbados","Industrial water withdrawal"
14,4251,2005,0.02,"I","","Barbados","Municipal water withdrawal"
14,4253,2005,0.081,"I","","Barbados","Total water withdrawal"
14,4257,2005,293.3,"K","","Barbados","Total water withdrawal per capita"
23,4250,2000,0.0684,"I","","Belize","Agricultural water withdrawal"
23,4252,2000,0.0212,"","","Belize","Industrial water withdrawal"
23,4251,2000,0.0114,"","","Belize","Municipal water withdrawal"
23,4253,2000,0.101,"","","Belize","Total water withdrawal"
23,4257,2000,385.2,"K","","Belize","Total water withdrawal per capita"
19,4250,2008,1.92,"I","","Bolivia (Plurinational State of)","Agricultural water withdrawal"
19,4252,2009,0.032,"","","Bolivia (Plurinational State of)","Industrial water withdrawal"
19,4251,2009,0.136,"","","Bolivia (Plurinational State of)","Municipal water withdrawal"
19,4253,2009,2.088,"I","","Bolivia (Plurinational State of)","Total water withdrawal"
19,4257,2009,203.9,"K","","Bolivia (Plurinational State of)","Total water withdrawal per capita"
21,4250,2010,44.9,"","","Brazil","Agricultural water withdrawal"
21,4252,2010,12.72,"","","Brazil","Industrial water withdrawal"
21,4251,2010,17.21,"","","Brazil","Municipal water withdrawal"
21,4253,2010,74.83,"","","Brazil","Total water withdrawal"
21,4257,2010,369.7,"K","","Brazil","Total water withdrawal per capita"
33,4250,2010,4.749,"L","[48,49]","Canada","Agricultural water withdrawal"
33,4252,2007,33.12,"E","","Canada","Industrial water withdrawal"
33,4251,2007,5.878,"E","","Canada","Municipal water withdrawal"
33,4253,2009,38.8,"E","","Canada","Total water withdrawal"
33,4257,2009,1113,"E","","Canada","Total water withdrawal per capita"
40,4250,2006,29.42,"","","Chile","Agricultural water withdrawal"
40,4252,2006,4.744,"","","Chile","Industrial water withdrawal"
40,4251,2006,1.267,"","","Chile","Municipal water withdrawal"
40,4253,2006,35.43,"","","Chile","Total water withdrawal"
40,4257,2006,2152,"K","","Chile","Total water withdrawal per capita"
44,4250,2008,6.391,"I","","Colombia","Agricultural water withdrawal"
44,4252,2008,2.242,"","[50]","Colombia","Industrial water withdrawal"
44,4251,2008,3.134,"","[51]","Colombia","Municipal water withdrawal"
44,4253,2008,11.77,"I","","Colombia","Total water withdrawal"
44,4257,2008,251.1,"K","","Colombia","Total water withdrawal per capita"
48,4250,2013,1.33,"","","Costa Rica","Agricultural water withdrawal"
48,4252,2013,0.26,"","","Costa Rica","Industrial water withdrawal"
48,4251,2013,0.76,"","","Costa Rica","Municipal water withdrawal"
48,4253,2013,2.35,"","","Costa Rica","Total water withdrawal"
48,4257,2013,488.8,"K","","Costa Rica","Total water withdrawal per capita"
49,4250,2013,4.519,"","","Cuba","Agricultural water withdrawal"
49,4252,2013,0.74,"","","Cuba","Industrial water withdrawal"
49,4251,2013,1.7,"","","Cuba","Municipal water withdrawal"
49,4253,2013,6.959,"","[52]","Cuba","Total water withdrawal"
49,4257,2013,611,"K","","Cuba","Total water withdrawal per capita"
55,4250,2010,0.001,"I","","Dominica","Agricultural water withdrawal"
55,4252,2010,0,"I","","Dominica","Industrial water withdrawal"
55,4251,2010,0.019,"I","","Dominica","Municipal water withdrawal"
55,4253,2010,0.02,"I","","Dominica","Total water withdrawal"
55,4257,2010,279,"K","","Dominica","Total water withdrawal per capita"
56,4250,2010,5.715,"","","Dominican Republic","Agricultural water withdrawal"
56,4252,2010,0.586,"","","Dominican Republic","Industrial water withdrawal"
56,4251,2010,0.855,"","","Dominican Republic","Municipal water withdrawal"
56,4253,2010,7.156,"","","Dominican Republic","Total water withdrawal"
56,4257,2010,704.7,"K","","Dominican Republic","Total water withdrawal per capita"
58,4250,2005,8.076,"L","[53,54]","Ecuador","Agricultural water withdrawal"
58,4252,2005,0.549,"L","","Ecuador","Industrial water withdrawal"
58,4251,2005,1.293,"L","","Ecuador","Municipal water withdrawal"
58,4253,2005,9.918,"L","","Ecuador","Total water withdrawal"
58,4257,2005,698.2,"K","","Ecuador","Total water withdrawal per capita"
60,4250,2005,1.431,"","","El Salvador","Agricultural water withdrawal"
60,4252,2005,0.213,"","","El Salvador","Industrial water withdrawal"
60,4251,2005,0.474,"","","El Salvador","Municipal water withdrawal"
60,4253,2005,2.118,"","","El Salvador","Total water withdrawal"
60,4257,2005,353.8,"K","","El Salvador","Total water withdrawal per capita"
86,4250,2014,0.0021,"I","","Grenada","Agricultural water withdrawal"
86,4252,2014,0,"I","","Grenada","Industrial water withdrawal"
86,4251,2014,0.012,"I","","Grenada","Municipal water withdrawal"
86,4253,2014,0.0141,"I","","Grenada","Total water withdrawal"
86,4257,2014,132,"K","","Grenada","Total water withdrawal per capita"
89,4250,2006,1.886,"","","Guatemala","Agricultural water withdrawal"
89,4252,2006,0.6031,"","","Guatemala","Industrial water withdrawal"
89,4251,2006,0.835,"","","Guatemala","Municipal water withdrawal"
89,4253,2006,3.324,"","","Guatemala","Total water withdrawal"
89,4257,2006,240.9,"K","","Guatemala","Total water withdrawal per capita"
91,4250,2010,1.363,"L","[55]","Guyana","Agricultural water withdrawal"
91,4252,2010,0.0204,"I","","Guyana","Industrial water withdrawal"
91,4251,2010,0.0613,"I","","Guyana","Municipal water withdrawal"
91,4253,2010,1.445,"I","","Guyana","Total water withdrawal"
91,4257,2010,1905,"K","","Guyana","Total water withdrawal per capita"
93,4250,2009,1.209,"L","[56]","Haiti","Agricultural water withdrawal"
93,4252,2009,0.051,"L","","Haiti","Industrial water withdrawal"
93,4251,2009,0.19,"L","","Haiti","Municipal water withdrawal"
93,4253,2009,1.45,"L","","Haiti","Total water withdrawal"
93,4257,2009,140.9,"K","","Haiti","Total water withdrawal per capita"
95,4250,2003,1.178,"","","Honduras","Agricultural water withdrawal"
95,4252,2003,0.114,"","","Honduras","Industrial water withdrawal"
95,4251,2003,0.315,"","","Honduras","Municipal water withdrawal"
95,4253,2003,1.607,"","[57]","Honduras","Total water withdrawal"
95,4257,2003,225.3,"K","","Honduras","Total water withdrawal per capita"
109,4250,2007,0.448,"L","","Jamaica","Agricultural water withdrawal"
109,4252,2005,0.076,"I","","Jamaica","Industrial water withdrawal"
109,4251,2005,0.288,"I","","Jamaica","Municipal water withdrawal"
109,4253,2007,0.812,"I","","Jamaica","Total water withdrawal"
109,4257,2007,300.2,"K","","Jamaica","Total water withdrawal per capita"
138,4250,2015,65.36,"","","Mexico","Agricultural water withdrawal"
138,4252,2015,7.825,"","","Mexico","Industrial water withdrawal"
138,4251,2015,12.48,"","","Mexico","Municipal water withdrawal"
138,4253,2015,85.66,"","","Mexico","Total water withdrawal"
138,4257,2015,674.4,"K","","Mexico","Total water withdrawal per capita"
157,4250,2011,1.185,"","","Nicaragua","Agricultural water withdrawal"
157,4252,2008,0.0736,"I","","Nicaragua","Industrial water withdrawal"
157,4251,2008,0.286,"","","Nicaragua","Municipal water withdrawal"
157,4253,2011,1.545,"I","","Nicaragua","Total water withdrawal"
157,4257,2011,262.9,"K","","Nicaragua","Total water withdrawal per capita"
166,4250,2010,0.446,"","","Panama","Agricultural water withdrawal"
166,4252,2010,0.01,"","","Panama","Industrial water withdrawal"
166,4251,2010,0.581,"","","Panama","Municipal water withdrawal"
166,4253,2010,1.037,"","","Panama","Total water withdrawal"
166,4257,2010,277,"K","","Panama","Total water withdrawal per capita"
169,4250,2012,1.897,"I","","Paraguay","Agricultural water withdrawal"
169,4252,2008,0.154,"I","","Paraguay","Industrial water withdrawal"
169,4251,2011,0.362,"I","","Paraguay","Municipal water withdrawal"
169,4253,2012,2.413,"I","","Paraguay","Total water withdrawal"
169,4257,2012,378.3,"K","","Paraguay","Total water withdrawal per capita"
170,4250,2008,12.12,"","","Peru","Agricultural water withdrawal"
170,4252,2008,0.289,"","","Peru","Industrial water withdrawal"
170,4251,2008,1.254,"","","Peru","Municipal water withdrawal"
170,4253,2008,13.66,"","","Peru","Total water withdrawal"
170,4257,2008,452.9,"K","","Peru","Total water withdrawal per capita"
177,4250,2010,0.0641,"","[58]","Puerto Rico","Agricultural water withdrawal"
177,4252,2010,3.15,"","[59]","Puerto Rico","Industrial water withdrawal"
177,4251,2010,0.9386,"","","Puerto Rico","Municipal water withdrawal"
177,4253,2010,4.153,"","[60]","Puerto Rico","Total water withdrawal"
177,4257,2010,1124,"K","","Puerto Rico","Total water withdrawal per capita"
188,4250,2012,2e-04,"I","","Saint Kitts and Nevis","Agricultural water withdrawal"
188,4252,2012,0,"I","","Saint Kitts and Nevis","Industrial water withdrawal"
188,4251,2012,0.0154,"I","","Saint Kitts and Nevis","Municipal water withdrawal"
188,4253,2012,0.0156,"I","","Saint Kitts and Nevis","Total water withdrawal"
188,4257,2012,290.8,"K","","Saint Kitts and Nevis","Total water withdrawal per capita"
189,4250,2007,0.0304,"I","","Saint Lucia","Agricultural water withdrawal"
189,4252,2007,0,"I","","Saint Lucia","Industrial water withdrawal"
189,4251,2007,0.0125,"I","","Saint Lucia","Municipal water withdrawal"
189,4253,2007,0.0429,"I","","Saint Lucia","Total water withdrawal"
189,4257,2007,252.1,"K","","Saint Lucia","Total water withdrawal per capita"
191,4250,2013,0,"I","","Saint Vincent and the Grenadines","Agricultural water withdrawal"
191,4252,2013,2e-06,"","","Saint Vincent and the Grenadines","Industrial water withdrawal"
191,4251,2013,0.0085,"I","","Saint Vincent and the Grenadines","Municipal water withdrawal"
191,4253,2013,0.0085,"I","","Saint Vincent and the Grenadines","Total water withdrawal"
191,4257,2013,77.63,"K","","Saint Vincent and the Grenadines","Total water withdrawal per capita"
207,4250,2006,0.4311,"L","[61]","Suriname","Agricultural water withdrawal"
207,4252,2006,0.1355,"","","Suriname","Industrial water withdrawal"
207,4251,2006,0.0493,"","","Suriname","Municipal water withdrawal"
207,4253,2006,0.6159,"","","Suriname","Total water withdrawal"
207,4257,2006,1229,"K","","Suriname","Total water withdrawal per capita"
220,4250,2011,0.0167,"I","","Trinidad and Tobago","Agricultural water withdrawal"
220,4252,2011,0.1289,"I","","Trinidad and Tobago","Industrial water withdrawal"
220,4251,2011,0.2376,"I","","Trinidad and Tobago","Municipal water withdrawal"
220,4253,2011,0.3832,"I","","Trinidad and Tobago","Total water withdrawal"
220,4257,2011,285.5,"K","","Trinidad and Tobago","Total water withdrawal per capita"
231,4250,2010,175.1,"","[62,63]","United States of America","Agricultural water withdrawal"
231,4252,2010,248.4,"","[64]","United States of America","Industrial water withdrawal"
231,4251,2010,62.09,"","","United States of America","Municipal water withdrawal"
231,4253,2010,485.6,"","[65,66]","United States of America","Total water withdrawal"
231,4257,2010,1543,"K","","United States of America","Total water withdrawal per capita"
234,4250,2000,3.17,"","","Uruguay","Agricultural water withdrawal"
234,4252,2000,0.08,"","","Uruguay","Industrial water withdrawal"
234,4251,2000,0.41,"","","Uruguay","Municipal water withdrawal"
234,4253,2000,3.66,"","","Uruguay","Total water withdrawal"
234,4257,2000,1100,"K","","Uruguay","Total water withdrawal per capita"
236,4250,2008,16.71,"L","[67]","Venezuela (Bolivarian Republic of)","Agricultural water withdrawal"
236,4252,2005,0.7933,"L","","Venezuela (Bolivarian Republic of)","Industrial water withdrawal"
236,4251,2005,5.123,"L","","Venezuela (Bolivarian Republic of)","Municipal water withdrawal"
236,4253,2007,22.63,"I","","Venezuela (Bolivarian Republic of)","Total water withdrawal"
236,4257,2007,817.8,"K","","Venezuela (Bolivarian Republic of)","Total water withdrawal per capita"
2,4250,1998,20,"","","Afghanistan","Agricultural water withdrawal"
2,4252,2005,0.1695,"L","","Afghanistan","Industrial water withdrawal"
2,4251,2005,0.2034,"L","","Afghanistan","Municipal water withdrawal"
2,4253,2000,20.28,"I","","Afghanistan","Total water withdrawal"
2,4257,2000,943.8,"K","","Afghanistan","Total water withdrawal per capita"
1,4250,2015,2.949,"","[68]","Armenia","Agricultural water withdrawal"
1,4252,2015,0.125,"","[69]","Armenia","Industrial water withdrawal"
1,4251,2015,0.198,"","[70]","Armenia","Municipal water withdrawal"
1,4253,2015,3.272,"","","Armenia","Total water withdrawal"
1,4257,2015,1084,"K","","Armenia","Total water withdrawal per capita"
52,4250,2010,10.1,"","","Azerbaijan","Agricultural water withdrawal"
52,4252,2005,2.36,"","","Azerbaijan","Industrial water withdrawal"
52,4251,2005,0.521,"","","Azerbaijan","Municipal water withdrawal"
52,4253,2012,11.97,"","","Azerbaijan","Total water withdrawal"
52,4257,2012,1279,"K","","Azerbaijan","Total water withdrawal per capita"
13,4250,2003,0.1592,"","","Bahrain","Agricultural water withdrawal"
13,4252,2003,0.0203,"","","Bahrain","Industrial water withdrawal"
13,4251,2003,0.1779,"","","Bahrain","Municipal water withdrawal"
13,4253,2003,0.3574,"","","Bahrain","Total water withdrawal"
13,4257,2003,348,"K","","Bahrain","Total water withdrawal per capita"
16,4250,2008,31.5,"","[71]","Bangladesh","Agricultural water withdrawal"
16,4252,2008,0.77,"","","Bangladesh","Industrial water withdrawal"
16,4251,2008,3.6,"","[72]","Bangladesh","Municipal water withdrawal"
16,4253,2008,35.87,"","","Bangladesh","Total water withdrawal"
16,4257,2008,231,"K","","Bangladesh","Total water withdrawal per capita"
18,4250,2008,0.318,"","","Bhutan","Agricultural water withdrawal"
18,4252,2008,0.003,"","","Bhutan","Industrial water withdrawal"
18,4251,2008,0.017,"","","Bhutan","Municipal water withdrawal"
18,4253,2008,0.338,"","","Bhutan","Total water withdrawal"
18,4257,2008,454.5,"K","","Bhutan","Total water withdrawal per capita"
26,4250,1995,0.0053,"L","[73]","Brunei Darussalam","Agricultural water withdrawal"
26,4251,2009,0.1515,"E","","Brunei Darussalam","Municipal water withdrawal"
26,4253,1994,0.092,"","","Brunei Darussalam","Total water withdrawal"
26,4257,1994,297,"K","","Brunei Darussalam","Total water withdrawal per capita"
115,4250,2006,2.053,"","","Cambodia","Agricultural water withdrawal"
115,4252,2006,0.033,"","","Cambodia","Industrial water withdrawal"
115,4251,2006,0.098,"","","Cambodia","Municipal water withdrawal"
115,4253,2006,2.184,"","","Cambodia","Total water withdrawal"
115,4257,2006,159.1,"K","","Cambodia","Total water withdrawal per capita"
351,4250,2015,385.2,"","","China","Agricultural water withdrawal"
351,4252,2015,133.5,"","","China","Industrial water withdrawal"
351,4251,2015,79.4,"","","China","Municipal water withdrawal"
351,4253,2015,598.1,"","","China","Total water withdrawal"
351,4257,2015,425,"K","","China","Total water withdrawal per capita"
116,4250,2005,6.61,"L","","Democratic People's Republic of Korea","Agricultural water withdrawal"
116,4252,2005,1.145,"L","","Democratic People's Republic of Korea","Industrial water withdrawal"
116,4251,2005,0.9028,"L","","Democratic People's Republic of Korea","Municipal water withdrawal"
116,4253,2005,8.658,"L","","Democratic People's Republic of Korea","Total water withdrawal"
116,4257,2005,359.1,"K","","Democratic People's Republic of Korea","Total water withdrawal per capita"
73,4250,2005,1.055,"","[74]","Georgia","Agricultural water withdrawal"
73,4252,2005,0.4,"I","","Georgia","Industrial water withdrawal"
73,4251,2005,0.358,"","[75]","Georgia","Municipal water withdrawal"
73,4253,2008,1.823,"","","Georgia","Total water withdrawal"
73,4257,2008,440.4,"K","","Georgia","Total water withdrawal per capita"
100,4250,2010,688,"","","India","Agricultural water withdrawal"
100,4252,2010,17,"","","India","Industrial water withdrawal"
100,4251,2010,56,"","","India","Municipal water withdrawal"
100,4253,2010,761,"","","India","Total water withdrawal"
100,4257,2010,602.3,"K","","India","Total water withdrawal per capita"
101,4250,2000,92.76,"","","Indonesia","Agricultural water withdrawal"
101,4252,2005,24.65,"I","","Indonesia","Industrial water withdrawal"
101,4251,2005,13.99,"I","","Indonesia","Municipal water withdrawal"
101,4253,2000,113.3,"","","Indonesia","Total water withdrawal"
101,4257,2000,521.2,"K","","Indonesia","Total water withdrawal per capita"
102,4250,2004,86,"","","Iran (Islamic Republic of)","Agricultural water withdrawal"
102,4252,2004,1.1,"","","Iran (Islamic Republic of)","Industrial water withdrawal"
102,4251,2004,6.2,"","","Iran (Islamic Republic of)","Municipal water withdrawal"
102,4253,2004,93.3,"","","Iran (Islamic Republic of)","Total water withdrawal"
102,4257,2004,1301,"K","","Iran (Islamic Republic of)","Total water withdrawal per capita"
103,4250,2000,52,"","","Iraq","Agricultural water withdrawal"
103,4252,2000,9.7,"","","Iraq","Industrial water withdrawal"
103,4251,2000,4.3,"","","Iraq","Municipal water withdrawal"
103,4253,2000,66,"","","Iraq","Total water withdrawal"
103,4257,2000,2646,"K","","Iraq","Total water withdrawal per capita"
105,4250,2009,1.016,"","","Israel","Agricultural water withdrawal"
105,4252,2004,0.113,"","","Israel","Industrial water withdrawal"
105,4251,2004,0.712,"","","Israel","Municipal water withdrawal"
105,4253,2004,1.954,"","","Israel","Total water withdrawal"
105,4257,2004,282.3,"K","","Israel","Total water withdrawal per capita"
110,4250,2009,54.43,"E","[76]","Japan","Agricultural water withdrawal"
110,4252,2009,11.61,"E","[77]","Japan","Industrial water withdrawal"
110,4251,2009,15.41,"E","[78]","Japan","Municipal water withdrawal"
110,4253,2009,81.45,"E","","Japan","Total water withdrawal"
110,4257,2009,640.6,"E","","Japan","Total water withdrawal per capita"
112,4250,2015,0.575,"","[79]","Jordan","Agricultural water withdrawal"
112,4252,2015,0.038,"","[80]","Jordan","Industrial water withdrawal"
112,4251,2015,0.491,"","[81]","Jordan","Municipal water withdrawal"
112,4253,2015,1.104,"","","Jordan","Total water withdrawal"
112,4257,2015,145.4,"K","","Jordan","Total water withdrawal per capita"
108,4250,2010,14,"","[82]","Kazakhstan","Agricultural water withdrawal"
108,4252,2010,6.263,"","[83]","Kazakhstan","Industrial water withdrawal"
108,4251,2010,0.878,"","[84]","Kazakhstan","Municipal water withdrawal"
108,4253,2010,21.14,"","","Kazakhstan","Total water withdrawal"
108,4257,2010,1257,"K","","Kazakhstan","Total water withdrawal per capita"
118,4250,2002,0.4919,"","","Kuwait","Agricultural water withdrawal"
118,4252,2005,0.0233,"L","","Kuwait","Industrial water withdrawal"
118,4251,2005,0.4483,"L","","Kuwait","Municipal water withdrawal"
118,4253,2002,0.9132,"","","Kuwait","Total water withdrawal"
118,4257,2002,447.2,"K","","Kuwait","Total water withdrawal per capita"
113,4250,2011,7.1,"","","Kyrgyzstan","Agricultural water withdrawal"
113,4252,2006,0.336,"","","Kyrgyzstan","Industrial water withdrawal"
113,4251,2006,0.224,"","","Kyrgyzstan","Municipal water withdrawal"
113,4253,2006,8.007,"","","Kyrgyzstan","Total water withdrawal"
113,4257,2006,1531,"K","","Kyrgyzstan","Total water withdrawal per capita"
120,4250,2005,3.193,"L","[85]","Lao People's Democratic Republic","Agricultural water withdrawal"
120,4252,2003,0.17,"L","","Lao People's Democratic Republic","Industrial water withdrawal"
120,4251,2003,0.13,"L","","Lao People's Democratic Republic","Municipal water withdrawal"
120,4253,2005,3.493,"L","","Lao People's Democratic Republic","Total water withdrawal"
120,4257,2005,588,"K","","Lao People's Democratic Republic","Total water withdrawal per capita"
121,4250,2005,0.78,"","","Lebanon","Agricultural water withdrawal"
121,4252,2005,0.15,"","","Lebanon","Industrial water withdrawal"
121,4251,2005,0.38,"","","Lebanon","Municipal water withdrawal"
121,4253,2005,1.31,"","","Lebanon","Total water withdrawal"
121,4257,2005,320.7,"K","","Lebanon","Total water withdrawal per capita"
131,4250,2005,2.505,"L","[86,87]","Malaysia","Agricultural water withdrawal"
131,4252,2005,4.788,"L","","Malaysia","Industrial water withdrawal"
131,4251,2005,3.902,"L","","Malaysia","Municipal water withdrawal"
131,4253,2005,11.2,"L","","Malaysia","Total water withdrawal"
131,4257,2005,419,"K","","Malaysia","Total water withdrawal per capita"
132,4250,2008,0,"I","","Maldives","Agricultural water withdrawal"
132,4252,2008,3e-04,"I","","Maldives","Industrial water withdrawal"
132,4251,2008,0.0056,"I","[88,89]","Maldives","Municipal water withdrawal"
132,4253,2008,0.0059,"I","[90]","Maldives","Total water withdrawal"
132,4257,2008,17.11,"K","","Maldives","Total water withdrawal per capita"
141,4250,2009,0.242,"","","Mongolia","Agricultural water withdrawal"
141,4252,2009,0.238,"","","Mongolia","Industrial water withdrawal"
141,4251,2009,0.071,"","","Mongolia","Municipal water withdrawal"
141,4253,2009,0.551,"","","Mongolia","Total water withdrawal"
141,4257,2009,196.2,"K","","Mongolia","Total water withdrawal per capita"
28,4250,2000,29.57,"","","Myanmar","Agricultural water withdrawal"
28,4252,2005,0.4984,"L","","Myanmar","Industrial water withdrawal"
28,4251,2000,3.323,"","","Myanmar","Municipal water withdrawal"
28,4253,2000,33.23,"","","Myanmar","Total water withdrawal"
28,4257,2000,682.5,"K","","Myanmar","Total water withdrawal per capita"
149,4250,2006,9.32,"L","[91]","Nepal","Agricultural water withdrawal"
149,4252,2005,0.0295,"L","","Nepal","Industrial water withdrawal"
149,4251,2005,0.1476,"L","","Nepal","Municipal water withdrawal"
149,4253,2006,9.497,"L","","Nepal","Total water withdrawal"
149,4257,2006,364.4,"K","","Nepal","Total water withdrawal per capita"
299,4250,2005,0.189,"","","Occupied Palestinian Territory","Agricultural water withdrawal"
299,4252,2005,0.029,"","","Occupied Palestinian Territory","Industrial water withdrawal"
299,4251,2005,0.2,"","","Occupied Palestinian Territory","Municipal water withdrawal"
299,4253,2005,0.418,"","","Occupied Palestinian Territory","Total water withdrawal"
299,4257,2005,111.3,"K","","Occupied Palestinian Territory","Total water withdrawal per capita"
221,4250,2003,1.168,"","","Oman","Agricultural water withdrawal"
221,4252,2003,0.019,"","","Oman","Industrial water withdrawal"
221,4251,2003,0.134,"","","Oman","Municipal water withdrawal"
221,4253,2003,1.321,"","","Oman","Total water withdrawal"
221,4257,2003,509.3,"K","","Oman","Total water withdrawal per capita"
165,4250,2008,172.4,"","","Pakistan","Agricultural water withdrawal"
165,4252,2008,1.4,"E","","Pakistan","Industrial water withdrawal"
165,4251,2008,9.65,"E","","Pakistan","Municipal water withdrawal"
165,4253,2008,183.5,"K","","Pakistan","Total water withdrawal"
165,4257,2008,1034,"K","","Pakistan","Total water withdrawal per capita"
168,4250,2005,0.001,"L","","Papua New Guinea","Agricultural water withdrawal"
168,4252,2005,0.1676,"L","","Papua New Guinea","Industrial water withdrawal"
168,4251,2005,0.2235,"L","","Papua New Guinea","Municipal water withdrawal"
168,4253,2005,0.3921,"L","","Papua New Guinea","Total water withdrawal"
168,4257,2005,61.39,"K","","Papua New Guinea","Total water withdrawal per capita"
171,4250,2009,67.07,"","","Philippines","Agricultural water withdrawal"
171,4252,2009,8.254,"","","Philippines","Industrial water withdrawal"
171,4251,2009,6.235,"","","Philippines","Municipal water withdrawal"
171,4253,2009,81.56,"","","Philippines","Total water withdrawal"
171,4257,2009,849.4,"K","","Philippines","Total water withdrawal per capita"
179,4250,2005,0.262,"","[92]","Qatar","Agricultural water withdrawal"
179,4252,2005,0.008,"","","Qatar","Industrial water withdrawal"
179,4251,2005,0.174,"","[93]","Qatar","Municipal water withdrawal"
179,4253,2005,0.444,"","","Qatar","Total water withdrawal"
179,4257,2005,376.6,"K","","Qatar","Total water withdrawal per capita"
117,4250,2003,15.96,"E","","Republic of Korea","Agricultural water withdrawal"
117,4252,2002,4.45,"E","","Republic of Korea","Industrial water withdrawal"
117,4251,2005,6.924,"E","[94]","Republic of Korea","Municipal water withdrawal"
117,4253,2005,29.2,"E","","Republic of Korea","Total water withdrawal"
117,4257,2005,605.7,"E","","Republic of Korea","Total water withdrawal per capita"
194,4250,2006,20.83,"E","","Saudi Arabia","Agricultural water withdrawal"
194,4252,2006,0.71,"E","","Saudi Arabia","Industrial water withdrawal"
194,4251,2006,2.13,"E","","Saudi Arabia","Municipal water withdrawal"
194,4253,2006,23.67,"E","","Saudi Arabia","Total water withdrawal"
194,4257,2006,907.5,"E","","Saudi Arabia","Total water withdrawal per capita"
200,4250,1975,0.0076,"","","Singapore","Agricultural water withdrawal"
200,4252,2005,1.221,"L","","Singapore","Industrial water withdrawal"
200,4251,2005,1.078,"L","","Singapore","Municipal water withdrawal"
200,4253,1975,0.19,"","","Singapore","Total water withdrawal"
200,4257,1975,81.97,"K","","Singapore","Total water withdrawal per capita"
38,4250,2005,11.31,"","","Sri Lanka","Agricultural water withdrawal"
38,4252,2005,0.831,"","","Sri Lanka","Industrial water withdrawal"
38,4251,2005,0.805,"","","Sri Lanka","Municipal water withdrawal"
38,4253,2005,12.95,"","","Sri Lanka","Total water withdrawal"
38,4257,2005,653.6,"K","","Sri Lanka","Total water withdrawal per capita"
212,4250,2003,14.67,"","","Syrian Arab Republic","Agricultural water withdrawal"
212,4252,2005,0.6154,"L","","Syrian Arab Republic","Industrial water withdrawal"
212,4251,2005,1.475,"L","","Syrian Arab Republic","Municipal water withdrawal"
212,4253,2005,16.76,"I","","Syrian Arab Republic","Total water withdrawal"
212,4257,2005,862.8,"K","","Syrian Arab Republic","Total water withdrawal per capita"
208,4250,2006,10.44,"","","Tajikistan","Agricultural water withdrawal"
208,4252,2006,0.4078,"","","Tajikistan","Industrial water withdrawal"
208,4251,2006,0.647,"","","Tajikistan","Municipal water withdrawal"
208,4253,2006,11.49,"","","Tajikistan","Total water withdrawal"
208,4257,2006,1619,"K","","Tajikistan","Total water withdrawal per capita"
216,4250,2007,51.79,"","","Thailand","Agricultural water withdrawal"
216,4252,2007,2.777,"","","Thailand","Industrial water withdrawal"
216,4251,2007,2.739,"","","Thailand","Municipal water withdrawal"
216,4253,2007,57.31,"","","Thailand","Total water withdrawal"
216,4257,2007,863.7,"K","","Thailand","Total water withdrawal per capita"
176,4250,2004,1.071,"","","Timor-Leste","Agricultural water withdrawal"
176,4252,2004,0.002,"","","Timor-Leste","Industrial water withdrawal"
176,4251,2004,0.099,"","","Timor-Leste","Municipal water withdrawal"
176,4253,2004,1.172,"","","Timor-Leste","Total water withdrawal"
176,4257,2004,1148,"K","","Timor-Leste","Total water withdrawal per capita"
223,4250,2008,34,"","","Turkey","Agricultural water withdrawal"
223,4252,2003,4.3,"","","Turkey","Industrial water withdrawal"
223,4251,2003,6.2,"","","Turkey","Municipal water withdrawal"
223,4253,2008,42.01,"E","","Turkey","Total water withdrawal"
223,4257,2008,561.3,"E","","Turkey","Total water withdrawal per capita"
213,4250,2004,26.36,"","","Turkmenistan","Agricultural water withdrawal"
213,4252,2004,0.839,"","","Turkmenistan","Industrial water withdrawal"
213,4251,2004,0.755,"","","Turkmenistan","Municipal water withdrawal"
213,4253,2004,27.95,"","","Turkmenistan","Total water withdrawal"
213,4257,2004,5753,"K","","Turkmenistan","Total water withdrawal per capita"
225,4250,2005,3.312,"I","","United Arab Emirates","Agricultural water withdrawal"
225,4252,2005,0.069,"I","","United Arab Emirates","Industrial water withdrawal"
225,4251,2005,0.617,"I","","United Arab Emirates","Municipal water withdrawal"
225,4253,2005,3.998,"I","","United Arab Emirates","Total water withdrawal"
225,4257,2005,665.2,"K","","United Arab Emirates","Total water withdrawal per capita"
235,4250,2005,50.4,"","","Uzbekistan","Agricultural water withdrawal"
235,4252,2005,1.5,"","","Uzbekistan","Industrial water withdrawal"
235,4251,2005,4.1,"","","Uzbekistan","Municipal water withdrawal"
235,4253,2005,56,"","","Uzbekistan","Total water withdrawal"
235,4257,2005,2106,"K","","Uzbekistan","Total water withdrawal per capita"
237,4250,2005,77.75,"","","Viet Nam","Agricultural water withdrawal"
237,4252,2005,3.074,"","","Viet Nam","Industrial water withdrawal"
237,4251,2005,1.206,"","","Viet Nam","Municipal water withdrawal"
237,4253,2005,82.03,"","","Viet Nam","Total water withdrawal"
237,4257,2005,956.4,"K","","Viet Nam","Total water withdrawal per capita"
249,4250,2005,3.235,"","","Yemen","Agricultural water withdrawal"
249,4252,2005,0.065,"","","Yemen","Industrial water withdrawal"
249,4251,2005,0.265,"","","Yemen","Municipal water withdrawal"
249,4253,2005,3.565,"","","Yemen","Total water withdrawal"
249,4257,2005,164.3,"K","","Yemen","Total water withdrawal per capita"
3,4250,2006,0.5176,"L","[95]","Albania","Agricultural water withdrawal"
3,4252,2005,0.2318,"L","","Albania","Industrial water withdrawal"
3,4251,2005,0.5613,"L","","Albania","Municipal water withdrawal"
3,4253,2006,1.311,"L","","Albania","Total water withdrawal"
3,4257,2006,435.4,"K","","Albania","Total water withdrawal per capita"
11,4250,2010,0.0771,"E","","Austria","Agricultural water withdrawal"
11,4252,2008,2.695,"E","","Austria","Industrial water withdrawal"
11,4251,2010,0.72,"E","","Austria","Municipal water withdrawal"
11,4253,2010,3.492,"E","","Austria","Total water withdrawal"
11,4257,2010,413,"E","","Austria","Total water withdrawal per capita"
57,4250,2013,0.489,"","[96]","Belarus","Agricultural water withdrawal"
57,4252,2013,0.478,"I","[97]","Belarus","Industrial water withdrawal"
57,4251,2013,0.547,"I","[98]","Belarus","Municipal water withdrawal"
57,4253,2013,1.514,"","","Belarus","Total water withdrawal"
57,4257,2013,159.4,"K","","Belarus","Total water withdrawal per capita"
255,4250,2009,0.0402,"E","[99]","Belgium","Agricultural water withdrawal"
255,4252,2009,5.256,"E","","Belgium","Industrial water withdrawal"
255,4251,2009,0.7093,"E","","Belgium","Municipal water withdrawal"
255,4253,2009,6.005,"E","","Belgium","Total water withdrawal"
255,4257,2009,542,"E","","Belgium","Total water withdrawal per capita"
80,4252,2008,0.0488,"E","","Bosnia and Herzegovina","Industrial water withdrawal"
80,4251,2002,0.3218,"E","","Bosnia and Herzegovina","Municipal water withdrawal"
80,4253,2013,0.3279,"E","","Bosnia and Herzegovina","Total water withdrawal"
80,4257,2013,86.06,"E","","Bosnia and Herzegovina","Total water withdrawal per capita"
27,4250,2015,0.8288,"","","Bulgaria","Agricultural water withdrawal"
27,4252,2015,3.901,"","","Bulgaria","Industrial water withdrawal"
27,4251,2015,0.8996,"","","Bulgaria","Municipal water withdrawal"
27,4253,2015,5.629,"","","Bulgaria","Total water withdrawal"
27,4257,2015,787.3,"K","","Bulgaria","Total water withdrawal per capita"
98,4250,2010,0.0086,"","","Croatia","Agricultural water withdrawal"
98,4252,2013,0.126,"E","","Croatia","Industrial water withdrawal"
98,4251,2013,0.5079,"E","","Croatia","Municipal water withdrawal"
98,4253,2013,0.6338,"E","","Croatia","Total water withdrawal"
98,4257,2013,149.5,"E","","Croatia","Total water withdrawal per capita"
50,4250,2013,0.1676,"E","[100]","Cyprus","Agricultural water withdrawal"
50,4252,2009,0.006,"I","","Cyprus","Industrial water withdrawal"
50,4251,2013,0.0841,"E","","Cyprus","Municipal water withdrawal"
50,4253,2013,0.2553,"E","","Cyprus","Total water withdrawal"
50,4257,2013,219.1,"E","","Cyprus","Total water withdrawal per capita"
167,4250,2013,0.044,"E","[101]","Czechia","Agricultural water withdrawal"
167,4252,1997,1.514,"E","","Czechia","Industrial water withdrawal"
167,4251,1997,0.9585,"E","","Czechia","Municipal water withdrawal"
167,4253,2013,1.65,"E","","Czechia","Total water withdrawal"
167,4257,2013,156.5,"E","","Czechia","Total water withdrawal per capita"
54,4250,2012,0.164,"E","[102]","Denmark","Agricultural water withdrawal"
54,4252,2012,0.128,"E","","Denmark","Industrial water withdrawal"
54,4251,2012,0.36,"E","","Denmark","Municipal water withdrawal"
54,4253,2012,0.652,"E","","Denmark","Total water withdrawal"
54,4257,2012,116.4,"E","","Denmark","Total water withdrawal per capita"
63,4250,2014,0.005,"","","Estonia","Agricultural water withdrawal"
63,4252,2014,1.655,"","","Estonia","Industrial water withdrawal"
63,4251,2014,0.06,"","","Estonia","Municipal water withdrawal"
63,4253,2014,1.72,"","","Estonia","Total water withdrawal"
63,4257,2014,1310,"K","","Estonia","Total water withdrawal per capita"
67,4250,2005,0.05,"E","[103]","Finland","Agricultural water withdrawal"
67,4252,1995,2.124,"E","","Finland","Industrial water withdrawal"
67,4251,2013,0.415,"E","","Finland","Municipal water withdrawal"
67,4253,2006,6.562,"E","","Finland","Total water withdrawal"
67,4257,2006,1241,"E","","Finland","Total water withdrawal per capita"
68,4250,2009,3.143,"","","France","Agricultural water withdrawal"
68,4252,2012,21.61,"E","","France","Industrial water withdrawal"
68,4251,2012,5.481,"E","","France","Municipal water withdrawal"
68,4253,2012,30.23,"K","","France","Total water withdrawal"
68,4257,2012,475.6,"K","","France","Total water withdrawal per capita"
79,4250,2010,0.2109,"E","[104]","Germany","Agricultural water withdrawal"
79,4252,2001,32.6,"E","","Germany","Industrial water withdrawal"
79,4251,2001,5.409,"E","","Germany","Municipal water withdrawal"
79,4253,2010,33.04,"E","","Germany","Total water withdrawal"
79,4257,2010,410.5,"E","","Germany","Total water withdrawal per capita"
84,4250,2011,7.918,"E","[105]","Greece","Agricultural water withdrawal"
84,4252,2007,0.3255,"","","Greece","Industrial water withdrawal"
84,4251,2011,1.293,"E","","Greece","Municipal water withdrawal"
84,4253,2007,9.63,"K","","Greece","Total water withdrawal"
84,4257,2007,865.2,"K","","Greece","Total water withdrawal per capita"
97,4250,2012,0.322,"E","[106]","Hungary","Agricultural water withdrawal"
97,4252,2012,4.013,"E","","Hungary","Industrial water withdrawal"
97,4251,2013,0.5945,"E","","Hungary","Municipal water withdrawal"
97,4253,2012,5.051,"E","","Hungary","Total water withdrawal"
97,4257,2012,507.2,"E","","Hungary","Total water withdrawal per capita"
99,4250,2015,3e-04,"","","Iceland","Agricultural water withdrawal"
99,4252,2015,0.198,"","","Iceland","Industrial water withdrawal"
99,4251,2015,0.08,"","","Iceland","Municipal water withdrawal"
99,4253,2015,0.2783,"","","Iceland","Total water withdrawal"
99,4257,2015,844.9,"K","","Iceland","Total water withdrawal per capita"
104,4250,1994,0.179,"E","[107]","Ireland","Agricultural water withdrawal"
104,4252,2007,0.051,"E","","Ireland","Industrial water withdrawal"
104,4251,2012,0.628,"E","[108]","Ireland","Municipal water withdrawal"
104,4253,2009,0.757,"E","","Ireland","Total water withdrawal"
104,4257,2009,162.2,"E","","Ireland","Total water withdrawal per capita"
106,4250,2007,12.89,"L","[109]","Italy","Agricultural water withdrawal"
106,4252,2000,16.29,"L","","Italy","Industrial water withdrawal"
106,4251,2012,9.451,"E","","Italy","Municipal water withdrawal"
106,4253,2008,53.75,"E","","Italy","Total water withdrawal"
106,4257,2008,899.8,"E","","Italy","Total water withdrawal per capita"
119,4250,2013,0.0363,"E","[110]","Latvia","Agricultural water withdrawal"
119,4252,2013,0.0522,"E","","Latvia","Industrial water withdrawal"
119,4251,2013,0.1593,"E","","Latvia","Municipal water withdrawal"
119,4253,2013,0.2478,"E","","Latvia","Total water withdrawal"
119,4257,2013,125.8,"E","","Latvia","Total water withdrawal per capita"
126,4250,2011,0.0656,"","","Lithuania","Agricultural water withdrawal"
126,4252,2011,0.4159,"","[111]","Lithuania","Industrial water withdrawal"
126,4251,2011,0.1499,"","","Lithuania","Municipal water withdrawal"
126,4253,2011,0.6314,"","","Lithuania","Total water withdrawal"
126,4257,2011,209.4,"K","","Lithuania","Total water withdrawal per capita"
256,4250,2013,3e-04,"E","[112]","Luxembourg","Agricultural water withdrawal"
256,4252,2013,0.002,"E","","Luxembourg","Industrial water withdrawal"
256,4251,2013,0.0408,"E","","Luxembourg","Municipal water withdrawal"
256,4253,2013,0.0431,"E","","Luxembourg","Total water withdrawal"
256,4257,2013,76,"E","","Luxembourg","Total water withdrawal per capita"
134,4250,2013,0.029,"E","[113]","Malta","Agricultural water withdrawal"
134,4252,2013,0.001,"E","","Malta","Industrial water withdrawal"
134,4251,2013,0.0153,"E","","Malta","Municipal water withdrawal"
134,4253,2013,0.0453,"E","","Malta","Total water withdrawal"
134,4257,2013,108.2,"E","","Malta","Total water withdrawal per capita"
140,4250,2009,0,"E","","Monaco","Agricultural water withdrawal"
140,4252,2009,0,"E","","Monaco","Industrial water withdrawal"
140,4251,2009,0.005,"E","","Monaco","Municipal water withdrawal"
140,4253,2009,0.005,"E","","Monaco","Total water withdrawal"
140,4257,2009,133.7,"E","","Monaco","Total water withdrawal per capita"
273,4250,2010,0.0017,"","","Montenegro","Agricultural water withdrawal"
273,4252,2008,0.0628,"E","","Montenegro","Industrial water withdrawal"
273,4251,2008,0.0964,"E","","Montenegro","Municipal water withdrawal"
273,4253,2010,0.1609,"K","","Montenegro","Total water withdrawal"
273,4257,2010,257.9,"K","","Montenegro","Total water withdrawal per capita"
150,4250,2012,0.0602,"E","[114]","Netherlands","Agricultural water withdrawal"
150,4252,2012,9.446,"E","","Netherlands","Industrial water withdrawal"
150,4251,2012,1.217,"E","","Netherlands","Municipal water withdrawal"
150,4253,2012,10.72,"E","","Netherlands","Total water withdrawal"
150,4257,2012,640,"E","","Netherlands","Total water withdrawal per capita"
162,4250,2006,0.8449,"E","","Norway","Agricultural water withdrawal"
162,4252,2009,1.071,"E","","Norway","Industrial water withdrawal"
162,4251,2013,0.838,"E","","Norway","Municipal water withdrawal"
162,4253,2007,3.026,"E","","Norway","Total water withdrawal"
162,4257,2007,641.5,"E","","Norway","Total water withdrawal per capita"
173,4250,2012,1.102,"E","[115]","Poland","Agricultural water withdrawal"
173,4252,1997,9.425,"E","","Poland","Industrial water withdrawal"
173,4251,1997,2.292,"E","[116]","Poland","Municipal water withdrawal"
173,4253,2012,11.48,"E","","Poland","Total water withdrawal"
173,4257,2012,297.3,"E","","Poland","Total water withdrawal per capita"
174,4250,1998,8.767,"E","","Portugal","Agricultural water withdrawal"
174,4252,1998,1.497,"E","","Portugal","Industrial water withdrawal"
174,4251,2012,0.9105,"E","","Portugal","Municipal water withdrawal"
174,4253,2007,9.151,"E","","Portugal","Total water withdrawal"
174,4257,2007,867.3,"E","","Portugal","Total water withdrawal per capita"
146,4250,2013,0.038,"","","Republic of Moldova","Agricultural water withdrawal"
146,4252,2005,0.8825,"L","","Republic of Moldova","Industrial water withdrawal"
146,4251,2005,0.146,"L","","Republic of Moldova","Municipal water withdrawal"
146,4253,2007,1.065,"I","","Republic of Moldova","Total water withdrawal"
146,4257,2007,258,"K","","Republic of Moldova","Total water withdrawal per capita"
183,4250,2013,1.135,"E","[117]","Romania","Agricultural water withdrawal"
183,4252,2013,4.303,"E","","Romania","Industrial water withdrawal"
183,4251,2013,0.98,"E","","Romania","Municipal water withdrawal"
183,4253,2013,6.418,"E","","Romania","Total water withdrawal"
183,4257,2013,328.9,"E","","Romania","Total water withdrawal per capita"
185,4250,2001,13.2,"","","Russian Federation","Agricultural water withdrawal"
185,4252,2001,39.6,"","[118]","Russian Federation","Industrial water withdrawal"
185,4251,2001,13.4,"","","Russian Federation","Municipal water withdrawal"
185,4253,2013,61,"","","Russian Federation","Total water withdrawal"
185,4257,2013,425.2,"K","","Russian Federation","Total water withdrawal per capita"
272,4250,2013,0.1167,"E","[119]","Serbia","Agricultural water withdrawal"
272,4253,2013,4.15,"E","","Serbia","Total water withdrawal"
272,4257,2013,468.9,"E","","Serbia","Total water withdrawal per capita"
199,4250,2014,0.0229,"E","","Slovakia","Agricultural water withdrawal"
199,4252,2012,0.3288,"E","","Slovakia","Industrial water withdrawal"
199,4251,2012,0.3058,"E","","Slovakia","Municipal water withdrawal"
199,4253,2014,0.5593,"E","","Slovakia","Total water withdrawal"
199,4257,2014,103.1,"E","","Slovakia","Total water withdrawal per capita"
198,4250,2013,0.0036,"E","[120]","Slovenia","Agricultural water withdrawal"
198,4252,2013,0.988,"E","","Slovenia","Industrial water withdrawal"
198,4251,2013,0.164,"E","","Slovenia","Municipal water withdrawal"
198,4253,2013,1.156,"E","","Slovenia","Total water withdrawal"
198,4257,2013,559,"E","","Slovenia","Total water withdrawal per capita"
203,4250,2012,25.47,"E","[121]","Spain","Agricultural water withdrawal"
203,4252,2012,6.572,"E","","Spain","Industrial water withdrawal"
203,4251,2012,5.308,"E","","Spain","Municipal water withdrawal"
203,4253,2012,37.35,"E","","Spain","Total water withdrawal"
203,4257,2012,800.9,"E","","Spain","Total water withdrawal per capita"
210,4250,2010,0.098,"E","[122]","Sweden","Agricultural water withdrawal"
210,4252,2010,1.572,"E","","Sweden","Industrial water withdrawal"
210,4251,2010,1.019,"E","","Sweden","Municipal water withdrawal"
210,4253,2010,2.689,"E","","Sweden","Total water withdrawal"
210,4257,2010,281.8,"E","","Sweden","Total water withdrawal per capita"
211,4250,2012,0.1601,"E","[123]","Switzerland","Agricultural water withdrawal"
211,4252,2012,0.6427,"E","","Switzerland","Industrial water withdrawal"
211,4251,2013,0.917,"E","","Switzerland","Municipal water withdrawal"
211,4253,2012,2.005,"E","","Switzerland","Total water withdrawal"
211,4257,2012,249.9,"E","","Switzerland","Total water withdrawal per capita"
154,4250,2007,0.1255,"E","[124]","The former Yugoslav Republic of Macedonia","Agricultural water withdrawal"
154,4252,2013,0.107,"E","","The former Yugoslav Republic of Macedonia","Industrial water withdrawal"
154,4251,2013,0.2317,"E","","The former Yugoslav Republic of Macedonia","Municipal water withdrawal"
154,4253,2007,0.5512,"E","","The former Yugoslav Republic of Macedonia","Total water withdrawal"
154,4257,2007,268.7,"E","","The former Yugoslav Republic of Macedonia","Total water withdrawal per capita"
230,4250,2010,4.454,"I","","Ukraine","Agricultural water withdrawal"
230,4252,2010,7.126,"I","","Ukraine","Industrial water withdrawal"
230,4251,2010,3.266,"I","","Ukraine","Municipal water withdrawal"
230,4253,2010,14.85,"","","Ukraine","Total water withdrawal"
230,4257,2010,327.7,"K","","Ukraine","Total water withdrawal per capita"
229,4250,2012,1.049,"E","[125]","United Kingdom","Agricultural water withdrawal"
229,4252,2007,1.193,"E","","United Kingdom","Industrial water withdrawal"
229,4251,2011,5.866,"E","","United Kingdom","Municipal water withdrawal"
229,4253,2012,8.214,"E","","United Kingdom","Total water withdrawal"
229,4257,2012,129.2,"E","","United Kingdom","Total water withdrawal per capita"
10,4250,2015,10.59,"","","Australia","Agricultural water withdrawal"
10,4252,2015,2.768,"","","Australia","Industrial water withdrawal"
10,4251,2015,4.015,"","","Australia","Municipal water withdrawal"
10,4253,2015,17.37,"","","Australia","Total water withdrawal"
10,4257,2015,724.7,"K","","Australia","Total water withdrawal per capita"
66,4250,2005,0.05,"I","","Fiji","Agricultural water withdrawal"
66,4252,2005,0.0096,"I","","Fiji","Industrial water withdrawal"
66,4251,2005,0.0253,"I","","Fiji","Municipal water withdrawal"
66,4253,2005,0.0849,"I","","Fiji","Total water withdrawal"
66,4257,2005,101.7,"K","","Fiji","Total water withdrawal per capita"
156,4250,2010,3.207,"E","[126]","New Zealand","Agricultural water withdrawal"
156,4252,2010,1.184,"E","","New Zealand","Industrial water withdrawal"
156,4251,2010,0.81,"E","[127]","New Zealand","Municipal water withdrawal"
156,4253,2010,5.201,"E","","New Zealand","Total water withdrawal"
156,4257,2010,1172,"E","","New Zealand","Total water withdrawal per capita"
